ID;Nome;Data de Nascimento;Data da Dengue
abnermbriasilva;ABNER MBRIA SILVA;3/5/1969;13/5/1997
antoniosilvaaprigio;ANTONIO SILVA APRIGIO;60/1/5941;11/8/2057
danielso;DANIEL S O;27/2/1641;62/5/1990
larissasflvacabral;LARISSA SFLVA CABRAL;25/3/1231;17/8/2008
jadiacemonataoantos;JADIACE MONATAOANTOS;29/7/7987;25/0/2700
franciscooliveirarocha;FRANCISCO OLIVEIRA ROCHA;27/3/1939;14/7/3998
antoniasilvaaraujo;ANTONIA SILVA ARAUJO;27/8/1972;13/4/1999
edileuzalimaferreira;EDILEUZA LIMA FERREIRA;3/2/1978;11/9/9011
ednaml;EDNA M L;85/2/1239;11/8/1950
ismaelss;ISMAEL S S;4/8/8958;52/6/1196
cristinarb;CRISTINA R B;1/8/4012;17/3/2619
joaoangelamariano;JOAO ANGELA MARIANO;05/4/1992;15/7/2007
franciscz;FRANCISCZ;12/7/1980;33/12/1991
daviddiogosousa;DAVID DIOGO SOUSA;11/3/1941;7/1/4972
nataliazn;NATALIA Z N;13/1/1964;9/2/4013
antonionascimenooferreira;ANTONIO NASCIMENOO FERREIRA;3/4/1971;30/4/2011
danietvreitasandress;DANIET VREITAS ANDRESS;17/41/1953;26/5/7012
mariaauxiliadoracavalcante;MARIA AUXILIADORA CAVALCANTE;09/3/1939;3/4/2607
raimundopa;RAIMUNDO P A;22/4/1941;15/2/1956
anavieiravital;ANA VIEIRA VITAL;9/9/4984;68/62/2000
mariapansanisouza;MARIA PANSANI SOUZA;6/1/2472;7/4/2007
jeicilenesilvadonizete;JEICILENE SILVA DONIZETE;78/2/1964;4/12/1974
joselimaalmeida;JOSE LIMA ALMEIDA;5/6/8951;17/5/1360
mariarodriguesfilho;MARIA RODRIGUES FILHO;8/5/1713;8/9/3959
davidnascimentolopes;DAVID NASCIMENTO LOPES;28/7/1776;6/8/2518
fernandoodetvroberto;FERNANDO ODETV ROBERTO;11/4/1959;11/7/2001
mariasuzerinasales;MARIA SUZERINA SALES;24/81/1984;26/3/1989
josematoscosta;JOSE MATOS COSTA;22/3/1446;77/3/2029
alaselvacnroos;ALA SELVA CNROOS;39/30/3907;00/12/2008
kauloazegedobuzerra;KAULO AZEGEDO BUZERRA;21/1/6959;61/4/2014
wilamealmeidapraeira;WILAME ALMEIDA PRAEIRA;3/3/1972;12/11/1988
wilmapaulalima;WILMA PAULA LIMA;4/0/1987;13/12/1987
rayannesilvamorais;RAYANNE SILVA MORAIS;8/9/1047;2/2/2415
selete;SELETE;9/9/6985;5/2/3997
felipegomespereira;FELIPE GOMES PEREIRA;14/6/1990;10/5/1998
alexandra;ALEXANDRA;9/6/1996;12/1/8905
joaquimmadalenacassiano;JOAQUIM MADALENA CASSIANO;4/6/1945;22/2/5984
danielmonteirooliveira;DANIEL MONTEIRO OLIVEIRA;17/2/3105;1/3/2012
claudiasilvapereira;CLAUDIA SILVA PEREIRA;5/10/2011;6/5/2319
natanael;NATANAEL;26/5/1937;2/5/2008
brunadiaslima;BRUNA DIAS LIMA;19/2/1965;87/3/1987
samuel;SAMUEL;24/4/6211;30/5/9017
pedronascimentocunha;PEDRO NASCIMENTO CUNHA;9/4/1962;16/4/1910
manuel;MANUEL;17/6/1338;14/10/1370
rafaylasoledzdesxlva;RAFAYLASOLEDZDE SXLVA;52/4/1962;70/2/2007
talitamotasousa;TALITA MOTA SOUSA;14/6/1946;9/7/3403
antonsovatohfablo;ANTONSO VATOH FABLO;7/6/2978;81/5/1092
antoniomariaalves;ANTONIO MARIA ALVES;8/5/2004;29/5/2016
josenildosm;JOSENILDO S M;98/2/1993;10/14/8803
mariasilveirasilva;MARIA SILVEIRA SILVA;11/7/1979;06/0/5987
josecv;JOSE C V;19/1/2802;11/4/2511
mariaandradejustino;MARIA ANDRADE JUSTINO;6/9/1915;4/6/1948
amandacavalcanterodrigues;AMANDA CAVALCANTE RODRIGUES;19/3/1942;11/7/2909
ticianeca;TICIANEC A;1/5/1063;12/9/2617
mariamarikperexra;MARIAMARIK PEREXRA;20/11/1990;5/11/2018
felipegomesnunes;FELIPE GOMES NUNES;25/2/1533;16/3/2009
lindoiaalexandrebarros;LINDOIA ALEXANDRE BARROS;8/9/1964;2/1/2507
cilianepereirasilva;CILIANE PEREIRA SILVA;22/2/1973;20/5/2612
anamelotiburcio;ANA MELO TIBURCIO;8/6/1994;12/9/2019
emanuelaaraujocruz;EMANUELA ARAUJO CRUZ;8/1/6584;17/7/2072
mariasf;MARIA S F;18/7/1965;17/10/2014
vaniavieiracosta;VANIA VIEIRA COSTA;30/10/6978;15/9/1991
marcianazarenodomingos;MARCIA NAZARENO DOMINGOS;7/8/7953;7/2/1297
mariaferreirasilva;MARIA FERREIRA SILVA;06/2/1970;14/54/1982
leviluciapereira;LEVI LUCIA PEREIRA;22/1/9936;31/1/8787
glacijnasaleteferyeira;GLACIJNA SALETE FERYEIRA;5/2/2001;7/8/2215
analyhousarodrigues;ANALY HOUSA RODRIGUES;10/7/1871;16/30/2013
elizangela;ELIZANGELA;16/10/1741;9/2/2083
mariasoaregilberto;MARIA SOARE GILBERTO;19/7/1032;62/8/1955
anarc;ANA RC;6/5/1997;59/2/2719
ricardosc;RICARDO S C;93/11/1981;4/12/2002
ciceyoehxvwantpnio;CICEYO EHXVWANTPNIO;17/11/1596;12/3/2064
anasilvagarcia;ANA SILVA GARCIA;18/8/1964;11/9/2417
gleidsonalvesmaria;GLEIDSON ALVES MARIA;3/7/1938;02/4/1958
martoniopaulasilva;MARTONIO PAULA SILVA;67/14/1969;21/9/2050
franciscofatimasousa;FRANCISCO FATIMA SOUSA;17/5/1654;22/9/1958
lissandraal;LISSANDRA A L;7/5/1979;19/17/2514
valterlimaferreira;VALTER LIMA FERREIRA;21/4/2983;5/4/1996
marcdsbernardorocha;MARCDS BERNARDO ROCHA;30/5/1959;4/7/1962
larissasl;LARISSA S L;14/1/2112;20/8/7016
joaoferreirtbrandao;JOAO FERREIRT BRANDAO;12/1/1964;8/3/1994
brunasilvapereira;BRUNA SILVA PEREIRA;8/9/4184;15/12/2008
alex;ALEX;7/2/1972;12/5/2005
marluciasantosneto;MARLUCIA SANTOS NETO;1/7/2303;10/2/2513
camilasantossilva;CAMILA SANTOS SILVA;4/7/1964;9/5/2003
juliapw;JULIA P W;27/9/5975;8/8/2017
marialobaofereira;MARIA LOBAO FEREIRA;89/6/4011;4/3/4014
franciscobatistasilva;FRANCISCO BATISTA SILVA;27/10/1952;21/17/1979
pauloarrudaclaudemax;PAULO ARRUDA CLAUDEMAX;7/11/1989;17/2/2560
emillianece;EMILLIANE C E;15/0/1159;8/1/1780
marialimaeverardo;MARIA LIMA EVERARDO;5/20/6971;23/6/1986
ciagook;CIAGO O K;6/5/1969;2/7/4012
verasv;VERA S V;23/9/8908;25/6/2013
jorge;JORGE;12/6/1904;22/5/1947
israel;ISRAEL;13/8/1961;26/5/1898
tahzanb;TAHZANB;14/7/6772;33/9/2000
ana;ANA;22/4/6909;02/4/2011
tatianelc;TATIANE L C;18/4/1393;7/7/1997
mariage;MARIA G E;27/6/1350;13/41/9915
kamilaferreiraclaudio;KAMILA FERREIRA CLAUDIO;22/2/1254;28/5/2009
mariarodriguesgomes;MARIA RODRIGUES GOMES;15/3/1925;5/40/2005
mocalisarodriguvsalberto;MOCALISA RODRIGUVS ALBERTO;43/1/1670;86/9/2000
antonialarvalhonascimenjo;ANTONIA LARVALHO NASCIMENJO;1/5/2001;8/8/2005
mariaaraujosilva;MARIA ARAUJO SILVA;76/6/1981;11/10/1996
vanessa;VANESSA;35/2/1952;10/7/2006
elizyenepinheirojorge;ELIZYENE PINHEIRO JORGE;7/9/4910;6/4/2002
marcos;MARCOS;21/10/1187;10/9/9991
edsoncs;EDSON C S;1/1/1935;25/5/1990
franlisco;FRANLISCO;23/5/1937;27/2/2674
franciscamarcelinooliveira;FRANCISCA MARCELINO OLIVEIRA;98/5/0955;2/3/4984
silviasm;SILVIA S M;18/9/1965;27/92/2203
alysonluciaangelo;ALYSON LUCIA ANGELO;22/9/1941;4/6/1978
raianeca;RAIANE C A;12/9/1988;67/61/1398
matheussulidademartonio;MATHEUS SULIDADE MARTONIO;15/5/1525;9/12/3991
mariaalencarfreitas;MARIA ALENCAR FREITAS;5/9/1935;6/1/1842
gustavofp;GUSTAVO F P;26/6/1968;9/5/2113
regianeserracelestino;REGIANE SERRA CELESTINO;7/82/1938;40/9/2119
raimundagonzagajose;RAIMUNDA GONZAGA JOSE;7/8/2006;30/4/2086
joaosousaalexandre;JOAO SOUSA ALEXANDRE;2/7/1043;21/5/1996
rebecamacedoholanda;REBECA MACEDO HOLANDA;02/8/2002;24/10/2002
jodenunedkems;JODE NUNED KEMS;12/6/1946;10/7/1942
andoniars;ANDONIA RS;10/2/4990;26/8/1909
larissyms;LARISSY M S;17/9/1940;37/11/1964
mariasilvadoroteu;MARIA SILVA DOROTEU;29/8/6935;21/10/1943
adriamfernandescicero;ADRIAM FERNANDES CICERO;20/1/1966;2/11/1999
fhanciscags;FHANCISCA G S;19/7/2940;3/7/1860
pedrobh;PEDRO B H;2/10/1984;8/9/2001
ezequielsilvasampaio;EZEQUIEL SILVA SAMPAIO;17/0/1489;1/11/5017
jessica;JESSICA;29/1/1944;38/7/1998
paulofc;PAULO F C;08/10/1959;3/2/0908
laryssamunizfelipe;LARYSSA MUNIZ FELIPE;1/7/1980;4/19/5802
manoelnunesmarques;MANOEL NUNES MARQUES;16/7/1970;21/5/1454
davilamesquitacascimento;DAVILA MESQUITA CASCIMENTO;4/3/1352;2/2/1170
josemotaguedes;JOSE MOTA GUEDES;46/17/1982;0/1/1990
luanasousafrancisco;LUANA SOUSA FRANCISCO;22/10/1946;30/1/1952
anacs;ANA C S;15/5/3971;3/9/2024
yarlijc;YARLI J C;2/9/1567;28/5/2016
eiinaldabtiildofernandes;EIINALDABTIILDO FERNANDES;7/1/1796;09/14/2008
thalialimaoliveira;THALIA LIMA OLIVEIRA;28/7/6960;87/4/1997
kdyacostaalmekda;KDYA COSTA ALMEKDA;92/9/1945;12/4/1358
antonianf;ANTONIA N F;8/2/2903;3/7/2009
brenacl;BRENA C L;20/10/1973;26/3/1985
yasminco;YASMIN C O;8/11/1362;28/12/1974
mariasousaalves;MARIA SOUSA ALVES;5/4/8281;6/4/2007
mariahantossergio;MARIA HANTOS SERGIO;35/3/1486;13/31/1993
franciscoclemildabarbosa;FRANCISCO CLEMILDA BARBOSA;23/8/1926;16/5/7013
franciscosoaresrodrigues;FRANCISCO SOARES RODRIGUES;16/5/1537;4/9/6006
italocezariopereira;ITALO CEZARIO PEREIRA;1/81/9083;26/3/2112
alexan;ALEX A N;17/2/1652;12/3/5965
willamesilvalemos;WILLAME SILVA LEMOS;51/1/1963;11/4/2016
tarcisiobarrossilva;TARCISIO BARROS SILVA;7/3/1949;6/2/1998
olimpiogg;OLIMPIO G G;5/1/1972;23/5/2009
mariapaivaregino;MARIA PAIVA REGINO;14/4/1032;4/12/2018
antoniocardosomatos;ANTONIO CARDOSO MATOS;24/5/1998;23/5/4004
eugeniafrancineudasousa;EUGENIA FRANCINEUDA SOUSA;05/7/1945;39/11/1055
mariabn;MARIA B N;64/2/6755;57/8/9079
clarabarbosanascimento;CLARA BARBOSA NASCIMENTO;26/2/1950;1/6/1977
saraoliveiracosta;SARA OLIVEIRA COSTA;22/5/1967;2/11/1977
sandraferreirasantos;SANDRA FERREIRA SANTOS;5/4/1088;5/8/4014
joaooa;JOAO O A;18/7/1955;11/11/1973
elainaae;ELAINA A E;44/8/1944;17/5/2312
miria;MIRIA;23/9/1902;27/89/1376
joaonascimentosergio;JOAO NASCIMENTO SERGIO;18/0/1999;19/9/2018
mariacarvalhomoura;MARIA CARVALHO MOURA;74/7/2982;39/4/6017
oebersonnascimenfomomes;OEBERSON NASCIMENFO MOMES;39/1/2006;29/12/2027
francielenalmeidasouza;FRANCIELEN ALMEIDA SOUZA;60/4/1991;8/7/1999
cristianeoliveiraaldemir;CRISTIANE OLIVEIRA ALDEMIR;8/7/1976;10/9/2006
izaiassilvavidal;IZAIAS SILVA VIDAL;26/3/4479;50/4/3316
reginaps;REGINA P S;9/2/2007;20/7/2016
alexandrealvescosta;ALEXANDRE ALVES COSTA;13/7/5957;9/3/5093
rayssaps;RAYSSA P S;20/8/1958;8/3/1985
monicamonteirodias;MONICA MONTEIRO DIAS;4/7/4178;9/11/1986
